<xml xmlns:o="urn:schemas-microsoft-com:office:office">
 <o:File HRef="v3_document.htm"/>
 <o:File HRef="preview.wmf"/>
 <o:File HRef="v3_next_active.gif"/>
 <o:File HRef="v3_next_disabled.gif"/>
 <o:File HRef="v3_prev_active.gif"/>
 <o:File HRef="v3_prev_disabled.gif"/>
 <o:File HRef="v3_outline_collapse.gif"/>
 <o:File HRef="v3_outline_expand.gif"/>
 <o:File HRef="v3_space.gif"/>
 <o:File HRef="v3_endshow.htm"/>
 <o:File HRef="v3_navigation_bar.htm"/>
 <o:File HRef="v3_outline_navigation_bar.htm"/>
 <o:File HRef="v3_outline_collapsed.htm"/>
 <o:File HRef="v3_outline_expanded.htm"/>
 <o:File HRef="v3_blank_notes.htm"/>
 <o:File HRef="master03.htm"/>
 <o:File HRef="master03.xml"/>
 <o:File HRef="pres.xml"/>
 <o:File HRef="v3_slide0018.htm"/>
 <o:File HRef="v3_slide0001.htm"/>
 <o:File HRef="v3_slide0001_image001.gif"/>
 <o:File HRef="v3_slide0002.htm"/>
 <o:File HRef="v3_slide0002_image002.gif"/>
 <o:File HRef="v3_slide0003.htm"/>
 <o:File HRef="v3_slide0003_image003.gif"/>
 <o:File HRef="v3_slide0004.htm"/>
 <o:File HRef="v3_slide0004_image004.gif"/>
 <o:File HRef="v3_slide0005.htm"/>
 <o:File HRef="v3_slide0005_image005.gif"/>
 <o:File HRef="v3_slide0006.htm"/>
 <o:File HRef="v3_slide0006_image006.gif"/>
 <o:File HRef="v3_slide0007.htm"/>
 <o:File HRef="v3_slide0007_image007.gif"/>
 <o:File HRef="v3_slide0008.htm"/>
 <o:File HRef="v3_slide0008_image008.gif"/>
 <o:File HRef="v3_slide0009.htm"/>
 <o:File HRef="v3_slide0009_image009.gif"/>
 <o:File HRef="v3_slide0010.htm"/>
 <o:File HRef="v3_slide0010_image010.gif"/>
 <o:File HRef="v3_slide0011.htm"/>
 <o:File HRef="v3_slide0011_image011.gif"/>
 <o:File HRef="v3_slide0012.htm"/>
 <o:File HRef="v3_slide0012_image012.gif"/>
 <o:File HRef="v3_slide0013.htm"/>
 <o:File HRef="v3_slide0013_image013.gif"/>
 <o:File HRef="v3_slide0014.htm"/>
 <o:File HRef="v3_slide0014_image014.gif"/>
 <o:File HRef="v3_slide0015.htm"/>
 <o:File HRef="v3_slide0015_image015.gif"/>
 <o:File HRef="v3_slide0016.htm"/>
 <o:File HRef="v3_slide0016_image016.gif"/>
 <o:File HRef="v3_slide0017.htm"/>
 <o:File HRef="slide0018.htm"/>
 <o:File HRef="slide0001.htm"/>
 <o:File HRef="slide0001_image017.emz"/>
 <o:File HRef="oledata.mso"/>
 <o:File HRef="slide0002.htm"/>
 <o:File HRef="slide0002_image018.emz"/>
 <o:File HRef="slide0003.htm"/>
 <o:File HRef="slide0003_image019.emz"/>
 <o:File HRef="slide0004.htm"/>
 <o:File HRef="slide0004_image020.emz"/>
 <o:File HRef="slide0005.htm"/>
 <o:File HRef="slide0005_image021.emz"/>
 <o:File HRef="slide0006.htm"/>
 <o:File HRef="slide0006_image022.emz"/>
 <o:File HRef="slide0007.htm"/>
 <o:File HRef="slide0007_image023.emz"/>
 <o:File HRef="slide0008.htm"/>
 <o:File HRef="slide0008_image024.emz"/>
 <o:File HRef="slide0009.htm"/>
 <o:File HRef="slide0009_image025.emz"/>
 <o:File HRef="slide0010.htm"/>
 <o:File HRef="slide0010_image026.emz"/>
 <o:File HRef="slide0011.htm"/>
 <o:File HRef="slide0011_image027.emz"/>
 <o:File HRef="slide0012.htm"/>
 <o:File HRef="slide0012_image028.emz"/>
 <o:File HRef="slide0013.htm"/>
 <o:File HRef="slide0013_image029.emz"/>
 <o:File HRef="slide0014.htm"/>
 <o:File HRef="slide0014_image030.emz"/>
 <o:File HRef="slide0015.htm"/>
 <o:File HRef="slide0015_image031.emz"/>
 <o:File HRef="slide0016.htm"/>
 <o:File HRef="slide0016_image032.emz"/>
 <o:File HRef="slide0017.htm"/>
 <o:File HRef="master03_stylesheet.css"/>
 <o:File HRef="script.js"/>
 <o:MainFile HRef="../Abhängige_Wahrscheinlichkeit.htm"/>
 <o:File HRef="error.htm"/>
 <o:File HRef="fullscreen.htm"/>
 <o:File HRef="buttons.gif"/>
 <o:File HRef="frame.htm"/>
 <o:File HRef="outline.htm"/>
 <o:File HRef="filelist.xml"/>
</xml>